<?xml version="1.0" encoding="ISO-8859-1"?>
<PARAMETERS>
	<NODE name="Residues">
		<NODE name="Alanine">
			<ITEM name="Name" value="Alanine" type="string" />
			<ITEM name="ShortName" value="Ala" type="string" />
			<ITEM name="ThreeLetterCode" value="ALA" type="string" />
			<ITEM name="OneLetterCode" value="A" type="string" />
			<ITEM name="Formula" value="C3H7NO2" type="string" />
			<ITEM name="pka" value="2.35" type="string" />
			<ITEM name="pkb" value="9.87" type="string" />
			<ITEM name="GB_SC" value="0.00" type="string" />
			<ITEM name="GB_BB_L" value="881.82" type="string" />
			<ITEM name="GB_BB_R" value="0.00" type="string" />
			<ITEM name="ResidueSets" value="All,Natural20,Natural19WithoutI,Natural19WithoutL,Natural19J,AmbiguousWithoutX,Ambiguous,AllNatural" type="string" />
			<NODE name="Synonyms">
				<ITEM name="L-Alanine" value="L-Alanine" type="string" />
				<ITEM name="alanine" value="alanine" type="string" />
				<ITEM name="Alanin" value="Alanin" type="string" />
				<ITEM name="alanin" value="alanin" type="string" />
				<ITEM name="Ala" value="Ala" type="string" />
			</NODE>
		</NODE>
		<NODE name="Cysteine">
			<ITEM name="Name" value="Cysteine" type="string" />
			<ITEM name="ShortName" value="Cys" type="string" />
			<ITEM name="ThreeLetterCode" value="CYS" type="string" />
			<ITEM name="OneLetterCode" value="C" type="string" />
			<ITEM name="Formula" value="C3H7NO2S" type="string" />
			<ITEM name="pka" value="1.92" type="string" />
			<ITEM name="pkb" value="10.70" type="string" />
			<ITEM name="pkc" value="8.18" type="string" />
			<ITEM name="GB_SC" value="0.00" type="string" />
			<ITEM name="GB_BB_L" value="880.99" type="string" />
			<ITEM name="GB_BB_R" value="0.12" type="string" />
			<ITEM name="ResidueSets" value="All,Natural20,Natural19WithoutI,Natural19WithoutL,Natural19J,AmbiguousWithoutX,Ambiguous,AllNatural" type="string" />
			<NODE name="Synonyms">
				<ITEM name="Cys" value="Cys" type="string" />
				<ITEM name="Cystine" value="Cystine" type="string" />
			</NODE>
		</NODE>
		<NODE name="Aspartate">
			<ITEM name="Name" value="Aspartate" type="string" />
			<ITEM name="ShortName" value="Asp" type="string" />
			<ITEM name="ThreeLetterCode" value="ASP" type="string" />
			<ITEM name="OneLetterCode" value="D" type="string" />
			<ITEM name="GB_SC" value="784.0" type="string" />
			<ITEM name="GB_BB_L" value="880.02" type="string" />
			<ITEM name="GB_BB_R" value="-0.63" type="string" />
			<ITEM name="Formula" value="C4H7NO4" type="string" />
			<ITEM name="pka" value="1.99" type="string" />
			<ITEM name="pkb" value="9.90" type="string" />
			<ITEM name="pkc" value="3.90" type="string" />
			<ITEM name="ResidueSets" value="All,Natural20,Natural19WithoutI,Natural19WithoutL,Natural19J,AmbiguousWithoutX,Ambiguous,AllNatural" type="string" />
			<NODE name="Synonyms">
				<ITEM name="Asp" value="Asp" type="string" />
			</NODE>
      <NODE name="Losses">
        <ITEM name="LossName" value="water" type="string" />
        <ITEM name="LossFormula" value="H2O" type="string" />
      </NODE>			
		</NODE>
		<NODE name="Glutamate">
			<ITEM name="Name" value="Glutamate" type="string" />
			<ITEM name="ShortName" value="Glu" type="string" />
			<ITEM name="ThreeLetterCode" value="GLU" type="string" />
			<ITEM name="OneLetterCode" value="E" type="string" />
			<ITEM name="GB_SC" value="790.0" type="string" />
			<ITEM name="GB_BB_L" value="880.10" type="string" />
			<ITEM name="GB_BB_R" value="-0.39" type="string" />
			<ITEM name="Formula" value="C5H9NO4" type="string" />
			<ITEM name="pka" value="2.10" type="string" />
			<ITEM name="pkb" value="9.47" type="string" />
			<ITEM name="pkc" value="4.07" type="string" />
			<ITEM name="ResidueSets" value="All,Natural20,Natural19WithoutI,Natural19WithoutL,Natural19J,AmbiguousWithoutX,Ambiguous,AllNatural" type="string" />
			<NODE name="Synonyms">
				<ITEM name="Glu" value="Glu" type="string" />
			</NODE>
      <NODE name="Losses">
        <ITEM name="LossName" value="water" type="string" />
        <ITEM name="LossFormula" value="H2O" type="string" />
      </NODE>
			<NODE name="NTermLosses">
				<ITEM name="LossName" value="water" type="string" />
				<ITEM name="LossFormula" value="H2O" type="string" />
			</NODE>
		</NODE>
		<NODE name="Phenylalanine">
			<ITEM name="Name" value="Phenylalanine" type="string" />
			<ITEM name="ShortName" value="Phe" type="string" />
			<ITEM name="ThreeLetterCode" value="PHE" type="string" />
			<ITEM name="OneLetterCode" value="F" type="string" />
			<ITEM name="Formula" value="C9H11NO2" type="string" />
			<ITEM name="pka" value="2.20" type="string" />
			<ITEM name="pkb" value="9.31" type="string" />
			<ITEM name="GB_SC" value="0.00" type="string" />
			<ITEM name="GB_BB_L" value="881.08" type="string" />
			<ITEM name="GB_BB_R" value="0.03" type="string" />
			<ITEM name="ResidueSets" value="All,Natural20,Natural19WithoutI,Natural19WithoutL,Natural19J,AmbiguousWithoutX,Ambiguous,AllNatural" type="string" />
			<NODE name="Synonyms">
				<ITEM name="Phe" value="Phe" type="string" />
			</NODE>
		</NODE>
		<NODE name="Glycine">
			<ITEM name="Name" value="Glycine" type="string" />
			<ITEM name="ShortName" value="Gly" type="string" />
			<ITEM name="ThreeLetterCode" value="GLY" type="string" />
			<ITEM name="OneLetterCode" value="G" type="string" />
			<ITEM name="Formula" value="C2H5NO2" type="string" />
			<ITEM name="pka" value="2.35" type="string" />
			<ITEM name="pkb" value="9.78" type="string" />
			<ITEM name="GB_SC" value="0.00" type="string" />
			<ITEM name="GB_BB_L" value="881.17" type="string" />
			<ITEM name="GB_BB_R" value="0.92" type="string" />
			<ITEM name="ResidueSets" value="All,Natural20,Natural19WithoutI,Natural19WithoutL,Natural19J,AmbiguousWithoutX,Ambiguous,AllNatural" type="string" />
			<NODE name="Synonyms">
				<ITEM name="Gly" value="Gly" type="string" />
			</NODE>
		</NODE>
		<NODE name="Histidine">
			<ITEM name="Name" value="Histidine" type="string" />
			<ITEM name="ShortName" value="His" type="string" />
			<ITEM name="ThreeLetterCode" value="HIS" type="string" />
			<ITEM name="OneLetterCode" value="H" type="string" />
			<ITEM name="Formula" value="C6H9N3O2" type="string" />
			<ITEM name="pka" value="1.80" type="string" />
			<ITEM name="pkb" value="9.33" type="string" />
			<ITEM name="pkc" value="6.04" type="string" />
			<ITEM name="GB_SC" value="927.84" type="string" />
			<ITEM name="GB_BB_L" value="881.27" type="string" />
			<ITEM name="GB_BB_R" value="-0.19" type="string" />
			<ITEM name="ResidueSets" value="All,Natural20,Natural19WithoutI,Natural19WithoutL,Natural19J,AmbiguousWithoutX,Ambiguous,AllNatural" type="string" />
			<NODE name="Synonyms">
				<ITEM name="His" value="His" type="string" />
			</NODE>
		</NODE>
		<NODE name="Isoleucine">
			<ITEM name="Name" value="Isoleucine" type="string" />
			<ITEM name="ShortName" value="Ile" type="string" />
			<ITEM name="ThreeLetterCode" value="ILE" type="string" />
			<ITEM name="OneLetterCode" value="I" type="string" />
			<ITEM name="Formula" value="C6H13NO2" type="string" />
			<ITEM name="pka" value="2.32" type="string" />
			<ITEM name="pkb" value="9.76" type="string" />
			<ITEM name="GB_SC" value="0.00" type="string" />
			<ITEM name="GB_BB_L" value="880.99" type="string" />
			<ITEM name="GB_BB_R" value="-1.17" type="string" />
			<ITEM name="ResidueSets" value="All,Natural20,Natural19WithoutL,AmbiguousWithoutX,Ambiguous,AllNatural" type="string" />
			<NODE name="Synonyms">
				<ITEM name="Ile" value="Ile" type="string" />
			</NODE>
		</NODE>
		<NODE name="Lysine">
			<ITEM name="Name" value="Lysine" type="string" />
			<ITEM name="ShortName" value="Lys" type="string" />
			<ITEM name="ThreeLetterCode" value="LYS" type="string" />
			<ITEM name="OneLetterCode" value="K" type="string" />
			<ITEM name="Formula" value="C6H14N2O2" type="string" />
			<ITEM name="pka" value="2.16" type="string" />
			<ITEM name="pkb" value="9.06" type="string" />
			<ITEM name="pkc" value="10.54" type="string" />
			<ITEM name="GB_SC" value="926.74" type="string" />
			<ITEM name="GB_BB_L" value="880.06" type="string" />
			<ITEM name="GB_BB_R" value="-0.71" type="string" />
			<ITEM name="ResidueSets" value="All,Natural20,Natural19WithoutI,Natural19WithoutL,Natural19J,AmbiguousWithoutX,Ambiguous,AllNatural" type="string" />
			<NODE name="Synonyms">
				<ITEM name="Lys" value="Lys" type="string" />
			</NODE>
      <NODE name="Losses">
        <ITEM name="LossName" value="ammonia" type="string" />
        <ITEM name="LossFormula" value="NH3" type="string" />
      </NODE>
		</NODE>
		<NODE name="Leucine">
			<ITEM name="Name" value="Leucine" type="string" />
			<ITEM name="ShortName" value="Leu" type="string" />
			<ITEM name="ThreeLetterCode" value="LEU" type="string" />
			<ITEM name="OneLetterCode" value="L" type="string" />
			<ITEM name="Formula" value="C6H13NO2" type="string" />
			<ITEM name="pka" value="2.33" type="string" />
			<ITEM name="pkb" value="9.74" type="string" />
			<ITEM name="GB_SC" value="0.00" type="string" />
			<ITEM name="GB_BB_L" value="881.88" type="string" />
			<ITEM name="GB_BB_R" value="-0.09" type="string" />
			<ITEM name="ResidueSets" value="All,Natural20,Natural19WithoutI,AmbiguousWithoutX,Ambiguous,AllNatural" type="string" />
			<NODE name="Synonyms">
				<ITEM name="Leu" value="Leu" type="string" />
			</NODE>
		</NODE>
		<NODE name="Methionine">
			<ITEM name="Name" value="Methionine" type="string" />
			<ITEM name="ShortName" value="Met" type="string" />
			<ITEM name="ThreeLetterCode" value="MET" type="string" />
			<ITEM name="OneLetterCode" value="M" type="string" />
			<ITEM name="Formula" value="C5H11NO2S" type="string" />
			<ITEM name="pka" value="2.13" type="string" />
			<ITEM name="pkb" value="9.28" type="string" />
			<ITEM name="GB_SC" value="830.0" type="string" />
			<ITEM name="GB_BB_L" value="881.38" type="string" />
			<ITEM name="GB_BB_R" value="0.30" type="string" />
			<ITEM name="ResidueSets" value="All,Natural20,Natural19WithoutI,Natural19WithoutL,Natural19J,AmbiguousWithoutX,Ambiguous,AllNatural" type="string" />
			<NODE name="Synonyms">
				<ITEM name="Met" value="Met" type="string" />
			</NODE>
		</NODE>
		<NODE name="Asparagine">
			<ITEM name="Name" value="Asparagine" type="string" />
			<ITEM name="ShortName" value="Asn" type="string" />
			<ITEM name="ThreeLetterCode" value="ASN" type="string" />
			<ITEM name="OneLetterCode" value="N" type="string" />
			<ITEM name="GB_SC" value="864.94" type="string" />
			<ITEM name="GB_BB_L" value="881.18" type="string" />
			<ITEM name="GB_BB_R" value="1.56" type="string" />
			<ITEM name="Formula" value="C4H8N2O3" type="string" />
			<ITEM name="pka" value="2.14" type="string" />
			<ITEM name="pkb" value="8.72" type="string" />
			<ITEM name="ResidueSets" value="All,Natural20,Natural19WithoutI,Natural19WithoutL,Natural19J,AmbiguousWithoutX,Ambiguous,AllNatural" type="string" />
			<NODE name="Synonyms">
				<ITEM name="Asn" value="Asn" type="string" />
			</NODE>
      <NODE name="Losses">
        <ITEM name="LossName" value="ammonia" type="string" />
        <ITEM name="LossFormula" value="NH3" type="string" />
      </NODE>
		</NODE>
		<NODE name="Proline">
			<ITEM name="Name" value="Proline" type="string" />
			<ITEM name="ShortName" value="Pro" type="string" />
			<ITEM name="ThreeLetterCode" value="PRO" type="string" />
			<ITEM name="OneLetterCode" value="P" type="string" />
			<ITEM name="Formula" value="C5H9NO2" type="string" />
			<ITEM name="pka" value="1.95" type="string" />
			<ITEM name="pkb" value="10.64" type="string" />
			<ITEM name="GB_SC" value="0.00" type="string" />
			<ITEM name="GB_BB_L" value="881.25" type="string" />
			<ITEM name="GB_BB_R" value="11.75" type="string" />
			<ITEM name="ResidueSets" value="All,Natural20,Natural19WithoutI,Natural19WithoutL,Natural19J,AmbiguousWithoutX,Ambiguous,AllNatural" type="string" />
			<NODE name="Synonyms">
				<ITEM name="Pro" value="Pro" type="string" />
			</NODE>
		</NODE>
		<NODE name="Glutamine">
			<ITEM name="Name" value="Glutamine" type="string" />
			<ITEM name="ShortName" value="Gln" type="string" />
			<ITEM name="ThreeLetterCode" value="GLN" type="string" />
			<ITEM name="OneLetterCode" value="Q" type="string" />
			<ITEM name="GB_SC" value="865.25" type="string" />
			<ITEM name="GB_BB_L" value="881.50" type="string" />
			<ITEM name="GB_BB_R" value="4.10" type="string" />
			<ITEM name="Formula" value="C5H10N2O3" type="string" />
			<ITEM name="pka" value="2.17" type="string" />
			<ITEM name="pkb" value="9.13" type="string" />
			<ITEM name="ResidueSets" value="All,Natural20,Natural19WithoutI,Natural19WithoutL,Natural19J,AmbiguousWithoutX,Ambiguous,AllNatural" type="string" />
			<NODE name="Synonyms">
				<ITEM name="Gln" value="Gln" type="string" />
			</NODE>
      <NODE name="Losses">
        <ITEM name="LossName" value="ammonia" type="string" />
        <ITEM name="LossFormula" value="NH3" type="string" />
      </NODE>
			<NODE name="NTermLosses">
				<ITEM name="LossName" value="water" type="string" />
				<ITEM name="LossFormula" value="H2O" type="string" />
			</NODE>
		</NODE>
		<NODE name="Arginine">
			<ITEM name="Name" value="Arginine" type="string" />
			<ITEM name="ShortName" value="Arg" type="string" />
			<ITEM name="ThreeLetterCode" value="ARG" type="string" />
			<ITEM name="OneLetterCode" value="R" type="string" />
			<ITEM name="GB_SC" value="1000.0" type="string" />
			<ITEM name="GB_BB_L" value="882.98" type="string" />
			<ITEM name="GB_BB_R" value="6.28" type="string" />
			<ITEM name="Formula" value="C6H14N4O2" type="string" />
			<ITEM name="pka" value="1.82" type="string" />
			<ITEM name="pkb" value="8.99" type="string" />
			<ITEM name="pkc" value="12.48" type="string" />
			<ITEM name="ResidueSets" value="All,Natural20,Natural19WithoutI,Natural19WithoutL,Natural19J,AmbiguousWithoutX,Ambiguous,AllNatural" type="string" />
			<NODE name="Synonyms">
				<ITEM name="Arg" value="Arg" type="string" />
			</NODE>
      <NODE name="Losses">
        <ITEM name="LossName1" value="ammonia" type="string" />
        <ITEM name="LossFormula1" value="NH3" type="string" />
        <ITEM name="LossName2" value="" type="string" />
        <ITEM name="LossFormula2" value="NHCNH" type="string" />
				<ITEM name="LossName3" value="" type="string" />
				<ITEM name="LossFormula3" value="CONH2" type="string" />
      </NODE>
		</NODE>
		<NODE name="Selenocysteine">
			<ITEM name="Name" value="Selenocysteine" type="string" />
			<ITEM name="ShortName" value="Sec" type="string" />
			<ITEM name="ThreeLetterCode" value="SEC" type="string" />
			<ITEM name="OneLetterCode" value="U" type="string" />
			<ITEM name="Formula" value="C3H7NO2Se" type="string" />
			<ITEM name="pkc" value="5.73" type="string" />
			<ITEM name="GB_SC" value="0.00" type="string" />
			<ITEM name="GB_BB_L" value="880.99" type="string" />
			<ITEM name="GB_BB_R" value="0.12" type="string" />
			<ITEM name="ResidueSets" value="All,AmbiguousWithoutX,Ambiguous,AllNatural" type="string" />
			<NODE name="Synonyms">
				<ITEM name="Sec" value="Sec" type="string" />
			</NODE>
		</NODE>
		<NODE name="Serine">
			<ITEM name="Name" value="Serine" type="string" />
			<ITEM name="ShortName" value="Ser" type="string" />
			<ITEM name="ThreeLetterCode" value="SER" type="string" />
			<ITEM name="OneLetterCode" value="S" type="string" />
			<ITEM name="GB_SC" value="775.0" type="string" />
			<ITEM name="GB_BB_L" value="881.08" type="string" />
			<ITEM name="GB_BB_R" value="0.98" type="string" />
			<ITEM name="Formula" value="C3H7NO3" type="string" />
			<ITEM name="pka" value="2.19" type="string" />
			<ITEM name="pkb" value="9.21" type="string" />
			<ITEM name="ResidueSets" value="All,Natural20,Natural19WithoutI,Natural19WithoutL,Natural19J,AmbiguousWithoutX,Ambiguous,AllNatural" type="string" />
			<NODE name="Synonyms">
				<ITEM name="Ser" value="Ser" type="string" />
			</NODE>
      <NODE name="Losses">
        <ITEM name="LossName" value="water" type="string" />
        <ITEM name="LossFormula" value="H2O" type="string" />
      </NODE>			
		</NODE>
		<NODE name="Threonine">
			<ITEM name="Name" value="Threonine" type="string" />
			<ITEM name="ShortName" value="Thr" type="string" />
			<ITEM name="ThreeLetterCode" value="THR" type="string" />
			<ITEM name="OneLetterCode" value="T" type="string" />
			<ITEM name="Formula" value="C4H9NO3" type="string" />
			<ITEM name="pka" value="2.09" type="string" />
			<ITEM name="pkb" value="9.10" type="string" />
			<ITEM name="GB_SC" value="780.0" type="string" />
			<ITEM name="GB_BB_L" value="881.14" type="string" />
			<ITEM name="GB_BB_R" value="1.21" type="string" />
			<ITEM name="ResidueSets" value="All,Natural20,Natural19WithoutI,Natural19WithoutL,Natural19J,AmbiguousWithoutX,Ambiguous,AllNatural" type="string" />
			<NODE name="Synonyms">
				<ITEM name="Thr" value="Thr" type="string" />
			</NODE>
      <NODE name="Losses">
        <ITEM name="LossName" value="water" type="string" />
        <ITEM name="LossFormula" value="H2O" type="string" />
      </NODE>
		</NODE>
		<NODE name="Valine">
			<ITEM name="Name" value="Valine" type="string" />
			<ITEM name="ShortName" value="Val" type="string" />
			<ITEM name="ThreeLetterCode" value="VAL" type="string" />
			<ITEM name="OneLetterCode" value="V" type="string" />
			<ITEM name="Formula" value="C5H11NO2" type="string" />
			<ITEM name="pka" value="2.39" type="string" />
			<ITEM name="pkb" value="9.74" type="string" />
			<ITEM name="GB_SC" value="0.0" type="string" />
			<ITEM name="GB_BB_L" value="881.17" type="string" />
			<ITEM name="GB_BB_R" value="-0.90" type="string" />
			<ITEM name="ResidueSets" value="All,Natural20,Natural19WithoutI,Natural19WithoutL,Natural19J,AmbiguousWithoutX,Ambiguous,AllNatural" type="string" />
			<NODE name="Synonyms">
				<ITEM name="Val" value="Val" type="string" />
			</NODE>
		</NODE>
		<NODE name="Tryptophan">
			<ITEM name="Name" value="Tryptophan" type="string" />
			<ITEM name="ShortName" value="Trp" type="string" />
			<ITEM name="ThreeLetterCode" value="TRP" type="string" />
			<ITEM name="OneLetterCode" value="W" type="string" />
			<ITEM name="Formula" value="C11H12N2O2" type="string" />
			<ITEM name="pka" value="2.46" type="string" />
			<ITEM name="pkb" value="9.41" type="string" />
			<ITEM name="GB_SC" value="909.53" type="string" />
			<ITEM name="GB_BB_L" value="881.31" type="string" />
			<ITEM name="GB_BB_R" value="0.10" type="string" />
			<ITEM name="ResidueSets" value="All,Natural20,Natural19WithoutI,Natural19WithoutL,Natural19J,AmbiguousWithoutX,Ambiguous,AllNatural" type="string" />
			<NODE name="Synonyms">
				<ITEM name="Trp" value="Trp" type="string" />
			</NODE>
		</NODE>
		<NODE name="Tyrosine">
			<ITEM name="Name" value="Tyrosine" type="string" />
			<ITEM name="ShortName" value="Tyr" type="string" />
			<ITEM name="ThreeLetterCode" value="TYR" type="string" />
			<ITEM name="OneLetterCode" value="Y" type="string" />
			<ITEM name="Formula" value="C9H11NO3" type="string" />
			<ITEM name="pka" value="2.20" type="string" />
			<ITEM name="pkb" value="9.21" type="string" />
			<ITEM name="pkc" value="10.46" type="string" />
			<ITEM name="GB_SC" value="790.0" type="string" />
			<ITEM name="GB_BB_L" value="881.20" type="string" />
			<ITEM name="GB_BB_R" value="-0.38" type="string" />
			<ITEM name="ResidueSets" value="All,Natural20,Natural19WithoutI,Natural19WithoutL,Natural19J,AmbiguousWithoutX,Ambiguous,AllNatural" type="string" />
			<NODE name="Synonyms">
				<ITEM name="Tyr" value="Tyr" type="string" />
			</NODE>
		</NODE>
		<NODE name="Pyrrolysine">
			<ITEM name="Name" value="Pyrrolysine" type="string" />
			<ITEM name="ShortName" value="Pyr" type="string" />
			<ITEM name="ThreeLetterCode" value="PYR" type="string" />
			<ITEM name="OneLetterCode" value="O" type="string" />
			<ITEM name="Formula" value="C12H21N3O3" type="string" />
			<ITEM name="pka" value="0.0" type="string" />
			<ITEM name="pkb" value="0.0" type="string" />
			<ITEM name="pkc" value="0.0" type="string" />
			<ITEM name="GB_SC" value="0.0" type="string" />
			<ITEM name="GB_BB_L" value="0.0" type="string" />
			<ITEM name="GB_BB_R" value="0.0" type="string" />
			<ITEM name="ResidueSets" value="All,AmbiguousWithoutX,Ambiguous,AllNatural" type="string" />
			<NODE name="Synonyms">
				<ITEM name="Pyr" value="Pyr" type="string" />
			</NODE>
		</NODE>
		<NODE name="Ambiguous_ASN_or_ASP" >
			<ITEM name="Name" value="Asparagine/Aspartate" type="string" />
			<ITEM name="ShortName" value="Asx" type="string" />
			<ITEM name="ThreeLetterCode" value="ASX" type="string" />
			<ITEM name="OneLetterCode" value="B" type="string" />
			<ITEM name="Formula" value="" type="string" />
			<ITEM name="GB_SC" value="0" type="string" />
			<ITEM name="GB_BB_L" value="0" type="string" />
			<ITEM name="GB_BB_R" value="0" type="string" />
			<ITEM name="ResidueSets" value="All,AmbiguousWithoutX,Ambiguous" type="string" />
			<NODE name="Synonyms">
				<ITEM name="Asx" value="Asx" type="string" />
			</NODE>
		</NODE>
		<NODE name="Ambiguous_GLN_or_GLU" >
			<ITEM name="Name" value="Glutamine/Glutamate" type="string" />
			<ITEM name="ShortName" value="Glx" type="string" />
			<ITEM name="ThreeLetterCode" value="GLX" type="string" />
			<ITEM name="OneLetterCode" value="Z" type="string" />
			<ITEM name="Formula" value="" type="string" />
			<ITEM name="GB_SC" value="0" type="string" />
			<ITEM name="GB_BB_L" value="0" type="string" />
			<ITEM name="GB_BB_R" value="0" type="string" />
			<ITEM name="ResidueSets" value="All,AmbiguousWithoutX,Ambiguous" type="string" />
			<NODE name="Synonyms">
				<ITEM name="Glx" value="Glx" type="string" />
			</NODE>
		</NODE>
		<NODE name="Ambiguous_ILE_or_LEU" >
			<ITEM name="Name" value="Isoleucine/Leucine" type="string" />
			<ITEM name="ShortName" value="Xle" type="string" />
			<ITEM name="ThreeLetterCode" value="XLE" type="string" />
			<ITEM name="OneLetterCode" value="J" type="string" />
			<ITEM name="Formula" value="C6H13NO2" type="string" />
			<ITEM name="GB_SC" value="0" type="string" />
			<ITEM name="GB_BB_L" value="880.99" type="string" />
			<ITEM name="GB_BB_R" value="-1.17" type="string" />
			<ITEM name="ResidueSets" value="All,AmbiguousWithoutX,Ambiguous" type="string" />
			<NODE name="Synonyms">
				<ITEM name="Xle" value="Xle" type="string" />
			</NODE>
		</NODE>
		<NODE name="Ambiguous_Unspecified_or_Unknown" >
			<ITEM name="Name" value="Unspecified/Unknown" type="string" />
			<ITEM name="ShortName" value="Xaa" type="string" />
			<ITEM name="ThreeLetterCode" value="XAA" type="string" />
			<ITEM name="OneLetterCode" value="X" type="string" />
			<ITEM name="Formula" value="" type="string" />
			<ITEM name="GB_SC" value="0" type="string" />
			<ITEM name="GB_BB_L" value="0" type="string" />
			<ITEM name="GB_BB_R" value="0" type="string" />
			<ITEM name="ResidueSets" value="All,Ambiguous" type="string" />
			<NODE name="Synonyms">
				<ITEM name="Xaa" value="Xaa" type="string" />
				<ITEM name="Unk" value="Unk" type="string" />
			</NODE>
		</NODE>
	</NODE>
</PARAMETERS>
